age,workclass,fnlwgt,education,education_num,marital_status,occupation,relationship,race,sex,hours_per_week,native_country,income_more50K
30-39,State-gov,<100K,Bachelors,>=10,Never-married,Adm-clerical,Not-in-family,White,Male,35-40,United-States,0
50-59,Self-emp-not-inc,<100K,Bachelors,>=10,Married-civ-spouse,Exec-managerial,Husband,White,Male,<35,United-States,0
30-39,Private,200K-300K,HS-grad,8--9,Divorced,Handlers-cleaners,Not-in-family,White,Male,35-40,United-States,0
50-59,Private,200K-300K,11th,<8,Married-civ-spouse,Handlers-cleaners,Husband,Black,Male,35-40,United-States,0
20-29,Private,>300K,Bachelors,>=10,Married-civ-spouse,Prof-specialty,Wife,Black,Female,35-40,Cuba,0
30-39,Private,200K-300K,Masters,>=10,Married-civ-spouse,Exec-managerial,Wife,White,Female,35-40,United-States,0
40-49,Private,100K-200K,9th,<8,Married-spouse-absent,Other-service,Not-in-family,Black,Female,<35,Jamaica,0
50-59,Self-emp-not-inc,200K-300K,HS-grad,8--9,Married-civ-spouse,Exec-managerial,Husband,White,Male,>40,United-States,1
30-39,Private,<100K,Masters,>=10,Never-married,Prof-specialty,Not-in-family,White,Female,>40,United-States,1
40-49,Private,100K-200K,Bachelors,>=10,Married-civ-spouse,Exec-managerial,Husband,White,Male,35-40,United-States,1
30-39,Private,200K-300K,Some-college,>=10,Married-civ-spouse,Exec-managerial,Husband,Black,Male,>40,United-States,1
30-39,State-gov,100K-200K,Bachelors,>=10,Married-civ-spouse,Prof-specialty,Husband,Asian-Pac-Islander,Male,35-40,India,1
20-29,Private,100K-200K,Bachelors,>=10,Never-married,Adm-clerical,Own-child,White,Female,<35,United-States,0
30-39,Private,200K-300K,Assoc-acdm,>=10,Never-married,Sales,Not-in-family,Black,Male,>40,United-States,0
30-39,Private,200K-300K,7th-8th,<8,Married-civ-spouse,Transport-moving,Husband,Amer-Indian-Eskimo,Male,>40,Mexico,0
20-29,Self-emp-not-inc,100K-200K,HS-grad,8--9,Never-married,Farming-fishing,Own-child,White,Male,35-40,United-States,0
30-39,Private,100K-200K,HS-grad,8--9,Never-married,Machine-op-inspct,Unmarried,White,Male,35-40,United-States,0
30-39,Private,<100K,11th,<8,Married-civ-spouse,Sales,Husband,White,Male,>40,United-States,0
40-49,Self-emp-not-inc,200K-300K,Masters,>=10,Divorced,Exec-managerial,Unmarried,White,Female,>40,United-States,1
40-49,Private,100K-200K,Doctorate,>=10,Married-civ-spouse,Prof-specialty,Husband,White,Male,>40,United-States,1
50-59,Private,>300K,HS-grad,8--9,Separated,Other-service,Unmarried,Black,Female,<35,United-States,0
30-39,Federal-gov,<100K,9th,<8,Married-civ-spouse,Farming-fishing,Husband,Black,Male,35-40,United-States,0
40-49,Private,100K-200K,11th,<8,Married-civ-spouse,Transport-moving,Husband,White,Male,35-40,United-States,0
50-59,Private,100K-200K,HS-grad,8--9,Divorced,Tech-support,Unmarried,White,Female,35-40,United-States,0
50-59,Local-gov,200K-300K,Bachelors,>=10,Married-civ-spouse,Tech-support,Husband,White,Male,35-40,United-States,1
<20,Private,100K-200K,HS-grad,8--9,Never-married,Craft-repair,Own-child,White,Male,35-40,United-States,0
30-39,Private,>300K,HS-grad,8--9,Divorced,Exec-managerial,Not-in-family,White,Male,>40,United-States,0
40-49,Private,100K-200K,HS-grad,8--9,Married-civ-spouse,Craft-repair,Husband,White,Male,35-40,United-States,0
20-29,Local-gov,100K-200K,Assoc-acdm,>=10,Never-married,Protective-serv,Not-in-family,White,Male,>40,United-States,0
20-29,Private,200K-300K,Some-college,>=10,Never-married,Sales,Own-child,Black,Male,>40,United-States,0
40-49,Private,>300K,Bachelors,>=10,Divorced,Exec-managerial,Own-child,White,Male,35-40,United-States,0
30-39,Federal-gov,<100K,Some-college,>=10,Married-civ-spouse,Adm-clerical,Own-child,White,Male,35-40,United-States,0
20-29,State-gov,>300K,Some-college,>=10,Married-civ-spouse,Other-service,Husband,Black,Male,<35,United-States,0
40-49,Private,200K-300K,11th,<8,Never-married,Machine-op-inspct,Unmarried,White,Male,35-40,Puerto-Rico,0
20-29,Private,100K-200K,Some-college,>=10,Never-married,Machine-op-inspct,Own-child,White,Male,35-40,United-States,0
<20,Private,>300K,HS-grad,8--9,Married-AF-spouse,Adm-clerical,Wife,White,Female,<35,United-States,0
40-49,Self-emp-not-inc,200K-300K,Assoc-acdm,>=10,Married-civ-spouse,Prof-specialty,Husband,White,Male,35-40,United-States,0
30-39,Private,>300K,9th,<8,Married-civ-spouse,Machine-op-inspct,Husband,White,Male,>40,United-States,0
50-59,Self-emp-not-inc,<100K,Bachelors,>=10,Married-civ-spouse,Prof-specialty,Husband,White,Male,35-40,United-States,0
20-29,Private,100K-200K,Bachelors,>=10,Married-civ-spouse,Tech-support,Husband,White,Male,>40,United-States,0
40-49,Private,<100K,HS-grad,8--9,Separated,Adm-clerical,Unmarried,White,Female,35-40,United-States,0
20-29,Private,200K-300K,HS-grad,8--9,Never-married,Handlers-cleaners,Not-in-family,White,Male,35-40,United-States,0
50-59,Federal-gov,>300K,Bachelors,>=10,Married-civ-spouse,Prof-specialty,Husband,Black,Male,35-40,United-States,1
50-59,Private,100K-200K,HS-grad,8--9,Married-civ-spouse,Machine-op-inspct,Husband,White,Male,35-40,United-States,0
40-49,Private,100K-200K,Masters,>=10,Divorced,Exec-managerial,Unmarried,White,Female,35-40,United-States,0
40-49,State-gov,100K-200K,Assoc-voc,>=10,Married-civ-spouse,Craft-repair,Husband,White,Male,35-40,United-States,0
20-29,Private,200K-300K,Assoc-voc,>=10,Never-married,Prof-specialty,Not-in-family,White,Male,>40,United-States,0
20-29,Private,<100K,Some-college,>=10,Married-civ-spouse,Exec-managerial,Wife,Other,Female,35-40,United-States,0
40-49,Private,<100K,Prof-school,>=10,Married-civ-spouse,Prof-specialty,Wife,White,Female,>40,Honduras,1
50-59,Federal-gov,200K-300K,Bachelors,>=10,Divorced,Exec-managerial,Not-in-family,White,Male,>40,United-States,1
40-49,Self-emp-inc,100K-200K,HS-grad,8--9,Divorced,Exec-managerial,Not-in-family,White,Male,>40,United-States,0
40-49,Private,200K-300K,Some-college,>=10,Married-civ-spouse,Tech-support,Husband,White,Male,35-40,United-States,1
40-49,Private,200K-300K,5th-6th,<8,Married-civ-spouse,Machine-op-inspct,Husband,White,Male,35-40,Mexico,0
30-39,Private,<100K,Assoc-voc,>=10,Married-civ-spouse,Other-service,Husband,White,Male,35-40,Puerto-Rico,0
40-49,Private,100K-200K,HS-grad,8--9,Married-civ-spouse,Adm-clerical,Husband,White,Male,>40,United-States,0
30-39,Private,100K-200K,HS-grad,8--9,Married-civ-spouse,Machine-op-inspct,Husband,White,Male,35-40,United-States,0
30-39,Private,<100K,Bachelors,>=10,Married-civ-spouse,Sales,Husband,White,Male,35-40,United-States,0
40-49,Private,100K-200K,HS-grad,8--9,Married-civ-spouse,Transport-moving,Husband,White,Male,35-40,United-States,0
40-49,Private,100K-200K,Doctorate,>=10,Married-civ-spouse,Prof-specialty,Husband,White,Male,>40,United-States,1
20-29,Private,100K-200K,Some-college,>=10,Divorced,Tech-support,Not-in-family,White,Male,>40,United-States,0
30-39,Private,100K-200K,HS-grad,8--9,Married-civ-spouse,Craft-repair,Husband,White,Male,35-40,United-States,0
20-29,Private,100K-200K,Some-college,>=10,Divorced,Adm-clerical,Not-in-family,White,Female,35-40,United-States,0
50-59,Private,100K-200K,HS-grad,8--9,Married-civ-spouse,Adm-clerical,Wife,White,Female,35-40,United-States,1
40-49,Self-emp-inc,100K-200K,Some-college,>=10,Married-civ-spouse,Exec-managerial,Husband,White,Male,>40,United-States,1
<20,Private,100K-200K,Some-college,>=10,Never-married,Prof-specialty,Own-child,White,Male,<35,United-States,0
30-39,Private,>300K,Bachelors,>=10,Separated,Sales,Own-child,Black,Female,35-40,United-States,0
20-29,Self-emp-not-inc,100K-200K,Bachelors,>=10,Married-civ-spouse,Sales,Husband,White,Male,>40,United-States,1
20-29,Private,200K-300K,Some-college,>=10,Never-married,Machine-op-inspct,Not-in-family,White,Male,35-40,United-States,0
>=60,Private,100K-200K,Some-college,>=10,Married-civ-spouse,Prof-specialty,Other-relative,White,Male,<35,United-States,0
20-29,Private,200K-300K,HS-grad,8--9,Never-married,Other-service,Own-child,White,Male,35-40,Mexico,0
40-49,Private,<100K,Assoc-acdm,>=10,Married-civ-spouse,Adm-clerical,Husband,White,Male,35-40,United-States,0
<20,Private,>300K,11th,<8,Never-married,Other-service,Own-child,White,Female,<35,United-States,0
30-39,Local-gov,100K-200K,7th-8th,<8,Married-civ-spouse,Farming-fishing,Husband,White,Male,35-40,United-States,0
<20,Private,>300K,HS-grad,8--9,Never-married,Sales,Not-in-family,White,Male,<35,United-States,0
50-59,Private,200K-300K,Bachelors,>=10,Married-civ-spouse,Other-service,Husband,White,Male,35-40,Cuba,0
40-49,Private,<100K,HS-grad,8--9,Married-civ-spouse,Other-service,Wife,White,Female,35-40,United-States,0
50-59,Private,100K-200K,HS-grad,8--9,Married-civ-spouse,Sales,Husband,White,Male,>40,United-States,0
40-49,Private,>300K,HS-grad,8--9,Divorced,Craft-repair,Not-in-family,White,Female,35-40,United-States,1
50-59,Private,>300K,HS-grad,8--9,Divorced,Sales,Own-child,White,Female,35-40,United-States,0
40-49,Local-gov,200K-300K,HS-grad,8--9,Married-civ-spouse,Protective-serv,Husband,White,Male,35-40,United-States,1
30-39,Private,200K-300K,Masters,>=10,Married-civ-spouse,Prof-specialty,Husband,White,Male,>40,United-States,0
30-39,Private,<100K,9th,<8,Never-married,Sales,Not-in-family,White,Male,35-40,United-States,0
40-49,Federal-gov,>300K,Doctorate,>=10,Never-married,Prof-specialty,Not-in-family,White,Female,>40,United-States,1
50-59,Private,200K-300K,Assoc-voc,>=10,Married-civ-spouse,Prof-specialty,Husband,White,Male,35-40,United-States,0
30-39,Private,200K-300K,Some-college,>=10,Divorced,Craft-repair,Unmarried,White,Female,35-40,United-States,0
20-29,Private,200K-300K,Some-college,>=10,Divorced,Machine-op-inspct,Unmarried,Black,Female,<35,United-States,0
30-39,Local-gov,200K-300K,Bachelors,>=10,Married-civ-spouse,Protective-serv,Husband,White,Male,35-40,United-States,1
20-29,Local-gov,100K-200K,Some-college,>=10,Never-married,Handlers-cleaners,Not-in-family,White,Male,>40,United-States,0
40-49,Self-emp-not-inc,100K-200K,Doctorate,>=10,Married-civ-spouse,Prof-specialty,Husband,White,Male,>40,United-States,1
30-39,Private,200K-300K,Some-college,>=10,Married-civ-spouse,Sales,Husband,White,Male,>40,United-States,1
40-49,Private,100K-200K,Assoc-acdm,>=10,Divorced,Exec-managerial,Unmarried,White,Female,35-40,England,0
30-39,Federal-gov,200K-300K,HS-grad,8--9,Never-married,Other-service,Own-child,Black,Male,35-40,United-States,0
>=60,Private,100K-200K,Masters,>=10,Married-civ-spouse,Exec-managerial,Husband,White,Male,35-40,United-States,1
40-49,Private,100K-200K,Bachelors,>=10,Married-civ-spouse,Exec-managerial,Husband,White,Male,>40,United-States,1
40-49,Self-emp-not-inc,100K-200K,Masters,>=10,Never-married,Prof-specialty,Not-in-family,White,Female,>40,United-States,0
20-29,Private,100K-200K,Some-college,>=10,Never-married,Tech-support,Own-child,White,Female,35-40,United-States,0
20-29,Private,100K-200K,HS-grad,8--9,Never-married,Craft-repair,Not-in-family,White,Male,35-40,United-States,0
30-39,Self-emp-inc,>300K,HS-grad,8--9,Married-civ-spouse,Craft-repair,Husband,White,Male,35-40,United-States,1
30-39,Private,100K-200K,11th,<8,Never-married,Handlers-cleaners,Own-child,White,Male,35-40,United-States,0
30-39,Local-gov,100K-200K,HS-grad,8--9,Never-married,Adm-clerical,Not-in-family,White,Female,35-40,United-States,0
40-49,Private,100K-200K,HS-grad,8--9,Married-civ-spouse,Handlers-cleaners,Husband,White,Male,35-40,United-States,0
20-29,Private,>300K,Bachelors,>=10,Never-married,Sales,Other-relative,White,Male,35-40,United-States,0
30-39,Private,<100K,Prof-school,>=10,Married-civ-spouse,Prof-specialty,Husband,White,Male,35-40,United-States,1
50-59,Self-emp-not-inc,>300K,HS-grad,8--9,Married-civ-spouse,Other-service,Husband,White,Male,>40,Canada,1
20-29,Private,>300K,Some-college,>=10,Married-civ-spouse,Sales,Wife,White,Female,<35,United-States,0
30-39,Private,100K-200K,HS-grad,8--9,Never-married,Machine-op-inspct,Own-child,White,Female,35-40,United-States,0
50-59,Private,<100K,9th,<8,Married-civ-spouse,Handlers-cleaners,Husband,White,Male,>40,United-States,0
50-59,Self-emp-inc,>300K,Some-college,>=10,Married-civ-spouse,Sales,Husband,White,Male,>40,United-States,0
40-49,Local-gov,100K-200K,Assoc-voc,>=10,Married-civ-spouse,Craft-repair,Husband,Black,Male,35-40,United-States,1
50-59,Private,200K-300K,Some-college,>=10,Married-civ-spouse,Sales,Husband,White,Male,>40,United-States,0
20-29,Private,100K-200K,HS-grad,8--9,Never-married,Craft-repair,Not-in-family,White,Male,>40,United-States,0
20-29,Private,100K-200K,Some-college,>=10,Never-married,Other-service,Own-child,White,Female,35-40,United-States,0
40-49,Private,100K-200K,Bachelors,>=10,Married-civ-spouse,Exec-managerial,Husband,White,Male,>40,United-States,0
30-39,Private,<100K,Bachelors,>=10,Never-married,Exec-managerial,Own-child,Black,Male,35-40,Germany,0
20-29,State-gov,200K-300K,Bachelors,>=10,Married-civ-spouse,Prof-specialty,Husband,White,Male,>40,United-States,1
<20,Private,>300K,Some-college,>=10,Never-married,Other-service,Own-child,Black,Male,35-40,United-States,0
40-49,Private,200K-300K,Bachelors,>=10,Married-civ-spouse,Exec-managerial,Wife,White,Female,35-40,United-States,1
20-29,Private,100K-200K,Some-college,>=10,Never-married,Adm-clerical,Own-child,White,Female,<35,United-States,0
30-39,Private,100K-200K,Assoc-acdm,>=10,Married-civ-spouse,Adm-clerical,Husband,White,Male,35-40,United-States,1
30-39,Private,>300K,Some-college,>=10,Divorced,Craft-repair,Not-in-family,White,Male,35-40,United-States,0
20-29,Private,<100K,Assoc-acdm,>=10,Never-married,Sales,Not-in-family,White,Female,>40,United-States,0
20-29,Private,<100K,HS-grad,8--9,Never-married,Other-service,Not-in-family,White,Female,35-40,United-States,0
30-39,Self-emp-not-inc,100K-200K,HS-grad,8--9,Married-civ-spouse,Craft-repair,Husband,White,Male,35-40,United-States,0
30-39,Private,200K-300K,Bachelors,>=10,Married-civ-spouse,Sales,Husband,White,Male,>40,United-States,0
40-49,Private,100K-200K,Assoc-acdm,>=10,Divorced,Tech-support,Not-in-family,Black,Female,35-40,United-States,0
30-39,Federal-gov,100K-200K,Masters,>=10,Married-civ-spouse,Prof-specialty,Husband,White,Male,35-40,Iran,1
40-49,Self-emp-not-inc,<100K,HS-grad,8--9,Married-civ-spouse,Craft-repair,Husband,White,Male,>40,United-States,0
20-29,Private,100K-200K,Assoc-voc,>=10,Married-civ-spouse,Adm-clerical,Wife,White,Female,35-40,United-States,0
20-29,Private,<100K,Some-college,>=10,Never-married,Sales,Own-child,White,Male,<35,United-States,0
40-49,Private,<100K,Some-college,>=10,Married-civ-spouse,Craft-repair,Husband,Asian-Pac-Islander,Male,35-40,United-States,1
>=60,Self-emp-inc,<100K,HS-grad,8--9,Married-civ-spouse,Craft-repair,Husband,White,Male,35-40,United-States,0
20-29,Private,200K-300K,Some-college,>=10,Never-married,Sales,Own-child,White,Female,35-40,United-States,0
<20,Private,>300K,Some-college,>=10,Never-married,Other-service,Own-child,White,Male,<35,Mexico,0
40-49,Private,100K-200K,Assoc-voc,>=10,Never-married,Prof-specialty,Not-in-family,White,Female,35-40,United-States,1
>=60,Private,100K-200K,Some-college,>=10,Never-married,Tech-support,Other-relative,White,Male,35-40,United-States,0
30-39,Private,100K-200K,HS-grad,8--9,Never-married,Transport-moving,Unmarried,Black,Female,<35,United-States,0
20-29,Private,100K-200K,Some-college,>=10,Married-civ-spouse,Other-service,Husband,White,Male,<35,United-States,0
30-39,Private,100K-200K,HS-grad,8--9,Widowed,Other-service,Unmarried,White,Female,<35,United-States,0
>=60,Private,100K-200K,11th,<8,Married-civ-spouse,Craft-repair,Husband,White,Male,35-40,United-States,0
40-49,Local-gov,100K-200K,Some-college,>=10,Divorced,Adm-clerical,Unmarried,White,Female,35-40,Mexico,0
30-39,Private,100K-200K,HS-grad,8--9,Never-married,Adm-clerical,Not-in-family,White,Female,35-40,United-States,0
30-39,Private,100K-200K,Bachelors,>=10,Never-married,Exec-managerial,Other-relative,Asian-Pac-Islander,Female,35-40,Philippines,0
20-29,Private,200K-300K,HS-grad,8--9,Never-married,Craft-repair,Own-child,White,Male,35-40,United-States,0
40-49,Private,100K-200K,HS-grad,8--9,Married-civ-spouse,Craft-repair,Husband,White,Male,>40,United-States,0
20-29,Private,200K-300K,Bachelors,>=10,Never-married,Handlers-cleaners,Not-in-family,White,Male,35-40,United-States,0
>=60,Self-emp-not-inc,>300K,Some-college,>=10,Separated,Sales,Unmarried,Black,Male,<35,United-States,0
20-29,Private,100K-200K,HS-grad,8--9,Divorced,Craft-repair,Not-in-family,White,Male,>40,United-States,0
40-49,Private,200K-300K,Bachelors,>=10,Separated,Other-service,Other-relative,Black,Male,>40,United-States,0
20-29,Private,200K-300K,HS-grad,8--9,Never-married,Other-service,Unmarried,White,Female,35-40,United-States,0
40-49,Self-emp-inc,<100K,Masters,>=10,Divorced,Exec-managerial,Unmarried,Asian-Pac-Islander,Female,35-40,United-States,0
20-29,Private,<100K,HS-grad,8--9,Never-married,Exec-managerial,Not-in-family,Asian-Pac-Islander,Female,35-40,England,0
40-49,Self-emp-not-inc,200K-300K,Masters,>=10,Married-civ-spouse,Sales,Husband,White,Male,35-40,United-States,1
30-39,Private,200K-300K,Some-college,>=10,Divorced,Other-service,Unmarried,White,Female,35-40,Mexico,0
30-39,Federal-gov,200K-300K,Assoc-acdm,>=10,Never-married,Exec-managerial,Not-in-family,White,Male,>40,United-States,0
40-49,State-gov,100K-200K,Masters,>=10,Widowed,Protective-serv,Unmarried,White,Male,35-40,United-States,0
<20,Private,<100K,11th,<8,Never-married,Handlers-cleaners,Own-child,White,Male,<35,United-States,0
>=60,Local-gov,<100K,Assoc-voc,>=10,Widowed,Prof-specialty,Not-in-family,White,Female,<35,United-States,0
20-29,Private,100K-200K,HS-grad,8--9,Never-married,Other-service,Not-in-family,White,Male,35-40,United-States,0
20-29,State-gov,100K-200K,HS-grad,8--9,Married-civ-spouse,Protective-serv,Husband,White,Male,35-40,United-States,0
50-59,Private,<100K,Some-college,>=10,Married-civ-spouse,Sales,Husband,White,Male,35-40,United-States,1
20-29,Private,>300K,Bachelors,>=10,Never-married,Craft-repair,Not-in-family,White,Male,>40,United-States,0
20-29,State-gov,100K-200K,Bachelors,>=10,Married-civ-spouse,Prof-specialty,Husband,White,Male,35-40,United-States,1
20-29,Private,200K-300K,HS-grad,8--9,Married-spouse-absent,Sales,Unmarried,White,Female,<35,United-States,0
20-29,Private,>300K,HS-grad,8--9,Never-married,Craft-repair,Own-child,Black,Male,35-40,United-States,0
30-39,Private,>300K,HS-grad,8--9,Never-married,Handlers-cleaners,Not-in-family,Black,Male,35-40,United-States,0
<20,Private,100K-200K,HS-grad,8--9,Never-married,Other-service,Own-child,White,Male,<35,United-States,0
30-39,Private,<100K,Bachelors,>=10,Married-civ-spouse,Prof-specialty,Husband,White,Male,>40,United-States,0
40-49,Local-gov,100K-200K,Some-college,>=10,Married-civ-spouse,Exec-managerial,Husband,Black,Male,35-40,United-States,1
40-49,Private,100K-200K,Some-college,>=10,Divorced,Adm-clerical,Not-in-family,White,Female,35-40,United-States,0
30-39,Private,>300K,Some-college,>=10,Never-married,Craft-repair,Not-in-family,Black,Male,>40,United-States,0
40-49,Private,200K-300K,7th-8th,<8,Married-civ-spouse,Machine-op-inspct,Husband,White,Male,35-40,Mexico,1
30-39,Federal-gov,<100K,Some-college,>=10,Married-civ-spouse,Adm-clerical,Husband,White,Male,>40,United-States,1
30-39,Private,>300K,HS-grad,8--9,Married-civ-spouse,Adm-clerical,Husband,Black,Male,35-40,United-States,0
40-49,Self-emp-not-inc,100K-200K,Bachelors,>=10,Divorced,Exec-managerial,Not-in-family,White,Female,35-40,United-States,0
30-39,Private,<100K,Masters,>=10,Married-civ-spouse,Prof-specialty,Wife,White,Female,>40,United-States,0
50-59,State-gov,100K-200K,Doctorate,>=10,Married-civ-spouse,Prof-specialty,Husband,White,Male,<35,United-States,1
30-39,Private,100K-200K,Some-college,>=10,Divorced,Machine-op-inspct,Not-in-family,Black,Female,<35,United-States,0
20-29,Private,100K-200K,Some-college,>=10,Married-civ-spouse,Machine-op-inspct,Husband,White,Male,35-40,United-States,0
40-49,Local-gov,>300K,Bachelors,>=10,Married-civ-spouse,Craft-repair,Husband,Black,Male,35-40,United-States,0
40-49,Private,100K-200K,Some-college,>=10,Married-civ-spouse,Tech-support,Husband,White,Male,>40,United-States,0
40-49,Federal-gov,100K-200K,Bachelors,>=10,Married-civ-spouse,Tech-support,Husband,White,Male,<35,United-States,0
20-29,Private,100K-200K,5th-6th,<8,Married-civ-spouse,Transport-moving,Other-relative,White,Male,35-40,Mexico,0
30-39,Private,<100K,Some-college,>=10,Divorced,Craft-repair,Not-in-family,White,Male,35-40,United-States,0
40-49,Federal-gov,<100K,Masters,>=10,Never-married,Exec-managerial,Not-in-family,White,Female,>40,United-States,1
30-39,Private,100K-200K,Masters,>=10,Married-civ-spouse,Prof-specialty,Other-relative,White,Male,35-40,United-States,1
20-29,Self-emp-not-inc,<100K,HS-grad,8--9,Never-married,Sales,Not-in-family,White,Male,35-40,United-States,0
20-29,Private,>300K,Masters,>=10,Never-married,Prof-specialty,Not-in-family,White,Female,35-40,United-States,0
50-59,Private,200K-300K,Bachelors,>=10,Married-civ-spouse,Exec-managerial,Husband,White,Male,>40,United-States,1
40-49,Local-gov,200K-300K,Some-college,>=10,Never-married,Prof-specialty,Not-in-family,White,Female,35-40,United-States,0
30-39,State-gov,<100K,HS-grad,8--9,Divorced,Adm-clerical,Unmarried,White,Female,35-40,United-States,0
<20,Private,100K-200K,11th,<8,Never-married,Sales,Own-child,White,Female,35-40,United-States,0
30-39,Private,100K-200K,Bachelors,>=10,Married-civ-spouse,Other-service,Husband,Black,Male,35-40,United-States,1
30-39,Private,<100K,HS-grad,8--9,Divorced,Craft-repair,Not-in-family,White,Male,>40,United-States,0
50-59,Self-emp-inc,200K-300K,HS-grad,8--9,Married-civ-spouse,Sales,Wife,White,Female,35-40,United-States,1
<20,Private,<100K,11th,<8,Never-married,Sales,Own-child,White,Female,<35,United-States,0
40-49,Local-gov,100K-200K,HS-grad,8--9,Married-civ-spouse,Transport-moving,Husband,Black,Male,35-40,United-States,0
30-39,Private,200K-300K,HS-grad,8--9,Married-civ-spouse,Craft-repair,Husband,White,Male,35-40,United-States,1
30-39,Private,100K-200K,Some-college,>=10,Never-married,Sales,Not-in-family,Amer-Indian-Eskimo,Female,35-40,United-States,0
>=60,Private,<100K,HS-grad,8--9,Married-civ-spouse,Craft-repair,Husband,Asian-Pac-Islander,Male,35-40,United-States,0
50-59,Self-emp-inc,100K-200K,7th-8th,<8,Married-civ-spouse,Machine-op-inspct,Husband,White,Male,35-40,United-States,1
30-39,Private,>300K,Bachelors,>=10,Never-married,Exec-managerial,Not-in-family,Black,Male,>40,United-States,1
50-59,Private,>300K,Assoc-acdm,>=10,Divorced,Sales,Not-in-family,White,Female,35-40,United-States,0
30-39,Private,100K-200K,Bachelors,>=10,Married-civ-spouse,Sales,Husband,White,Male,>40,Poland,0
40-49,Private,100K-200K,Bachelors,>=10,Married-civ-spouse,Prof-specialty,Husband,White,Male,>40,United-States,0
20-29,Private,200K-300K,10th,<8,Never-married,Craft-repair,Not-in-family,White,Male,35-40,United-States,0
30-39,Private,100K-200K,Some-college,>=10,Married-civ-spouse,Handlers-cleaners,Husband,White,Male,35-40,United-States,0
>=60,Private,<100K,HS-grad,8--9,Never-married,Other-service,Not-in-family,Black,Male,35-40,United-States,0
50-59,Private,100K-200K,HS-grad,8--9,Married-civ-spouse,Adm-clerical,Husband,Black,Male,<35,United-States,0
50-59,Local-gov,100K-200K,Preschool,<8,Never-married,Machine-op-inspct,Not-in-family,White,Female,35-40,United-States,0
<20,Private,200K-300K,HS-grad,8--9,Never-married,Sales,Own-child,White,Female,35-40,United-States,0
>=60,Self-emp-not-inc,100K-200K,HS-grad,8--9,Married-civ-spouse,Farming-fishing,Husband,White,Male,>40,United-States,0
>=60,Private,>300K,Assoc-voc,>=10,Widowed,Adm-clerical,Not-in-family,White,Female,<35,Columbia,0
>=60,Private,100K-200K,HS-grad,8--9,Divorced,Adm-clerical,Not-in-family,White,Female,35-40,United-States,0
30-39,Private,>300K,11th,<8,Separated,Transport-moving,Not-in-family,Black,Male,35-40,United-States,0
40-49,Private,100K-200K,HS-grad,8--9,Divorced,Sales,Unmarried,Black,Female,35-40,United-States,0
20-29,Private,100K-200K,Some-college,>=10,Never-married,Adm-clerical,Not-in-family,White,Male,>40,United-States,0
30-39,Private,100K-200K,Some-college,>=10,Divorced,Craft-repair,Other-relative,Other,Female,35-40,United-States,0
20-29,Private,<100K,Prof-school,>=10,Never-married,Prof-specialty,Not-in-family,White,Male,>40,United-States,1
50-59,State-gov,200K-300K,HS-grad,8--9,Married-civ-spouse,Other-service,Husband,White,Male,35-40,United-States,0
40-49,State-gov,100K-200K,Some-college,>=10,Never-married,Adm-clerical,Not-in-family,White,Female,35-40,United-States,0
40-49,Private,100K-200K,Bachelors,>=10,Married-civ-spouse,Exec-managerial,Husband,White,Male,>40,Iran,1
30-39,Local-gov,100K-200K,Masters,>=10,Married-civ-spouse,Exec-managerial,Husband,White,Male,>40,United-States,1
20-29,Private,100K-200K,HS-grad,8--9,Never-married,Transport-moving,Own-child,White,Male,35-40,United-States,0
40-49,Private,>300K,Bachelors,>=10,Married-civ-spouse,Prof-specialty,Husband,White,Male,35-40,United-States,1
40-49,Self-emp-not-inc,100K-200K,HS-grad,8--9,Married-civ-spouse,Other-service,Wife,White,Female,<35,United-States,0
20-29,State-gov,200K-300K,Assoc-acdm,>=10,Married-civ-spouse,Protective-serv,Husband,White,Male,>40,United-States,0
30-39,Private,100K-200K,Some-college,>=10,Divorced,Craft-repair,Not-in-family,White,Male,35-40,United-States,0
50-59,Private,200K-300K,HS-grad,8--9,Married-civ-spouse,Adm-clerical,Husband,White,Male,>40,United-States,1
30-39,Private,100K-200K,HS-grad,8--9,Never-married,Other-service,Not-in-family,White,Female,<35,United-States,0
40-49,Private,200K-300K,Assoc-acdm,>=10,Married-civ-spouse,Tech-support,Husband,White,Male,>40,United-States,1
40-49,Private,100K-200K,Prof-school,>=10,Married-civ-spouse,Prof-specialty,Wife,White,Female,35-40,United-States,1
40-49,Private,>300K,Bachelors,>=10,Married-civ-spouse,Adm-clerical,Wife,Black,Female,35-40,United-States,0
50-59,Local-gov,100K-200K,10th,<8,Widowed,Other-service,Unmarried,Black,Female,<35,United-States,0
<20,Local-gov,<100K,Some-college,>=10,Never-married,Adm-clerical,Own-child,White,Male,35-40,United-States,0
50-59,Private,200K-300K,Some-college,>=10,Never-married,Transport-moving,Not-in-family,White,Male,<35,United-States,0
40-49,Self-emp-not-inc,>300K,HS-grad,8--9,Married-civ-spouse,Farming-fishing,Husband,Asian-Pac-Islander,Male,35-40,Cambodia,1
20-29,Private,100K-200K,HS-grad,8--9,Never-married,Other-service,Own-child,White,Female,35-40,United-States,0
30-39,Private,100K-200K,HS-grad,8--9,Separated,Other-service,Not-in-family,White,Female,<35,United-States,0
40-49,Private,100K-200K,Assoc-voc,>=10,Widowed,Exec-managerial,Not-in-family,White,Female,>40,United-States,0
50-59,Private,200K-300K,7th-8th,<8,Divorced,Craft-repair,Not-in-family,White,Male,35-40,United-States,0
30-39,Private,100K-200K,Bachelors,>=10,Divorced,Prof-specialty,Own-child,White,Female,35-40,United-States,0
40-49,Private,<100K,HS-grad,8--9,Married-civ-spouse,Sales,Husband,White,Male,>40,United-States,0
<20,Private,200K-300K,11th,<8,Never-married,Other-service,Own-child,White,Male,<35,United-States,0
50-59,Private,100K-200K,Some-college,>=10,Married-civ-spouse,Sales,Husband,White,Male,35-40,United-States,0
20-29,Private,>300K,11th,<8,Married-civ-spouse,Craft-repair,Husband,White,Male,35-40,United-States,0
30-39,Self-emp-inc,200K-300K,Some-college,>=10,Married-civ-spouse,Exec-managerial,Husband,Asian-Pac-Islander,Male,>40,Thailand,1
>=60,Private,<100K,HS-grad,8--9,Married-civ-spouse,Exec-managerial,Husband,White,Male,35-40,United-States,1
30-39,Private,100K-200K,Bachelors,>=10,Never-married,Prof-specialty,Not-in-family,White,Female,>40,United-States,0
30-39,Private,200K-300K,HS-grad,8--9,Married-civ-spouse,Craft-repair,Wife,White,Female,35-40,United-States,1
>=60,Private,<100K,HS-grad,8--9,Married-civ-spouse,Exec-managerial,Husband,White,Male,35-40,United-States,1
